version:v1.0
Název [displayName],Uživatelské jméno [userPrincipalName],Počáteční heslo [passwordProfile],Zablokovat přihlášení [accountEnabled],Jméno [givenName],Příjmení [surname],Název úlohy [jobTitle],Oddělení [department],Místo využívání [usageLocation],Ulice [streetAddress],Kraj [state],Země nebo oblast [country],Kancelář [physicalDeliveryOfficeName],Město [city],PSČ [postalCode],Telefon do kanceláře [telephoneNumber],Mobilní telefon [mobile]
Lenka Hrdličková,lenka_hrdlickova@mblab.xyz,O*Z7867#G54,Ne,Lenka,Hrdličková,Line installer,Marketing,CZ,Dobrá 53,Středočeský kraj,Czech Republic,,Praha,142 00,,728 888 999
Eliška Mešířová,eliska_mesirova@mblab.xyz,B*J6798#T17,Ne,Eliška,Mešířová,Lathe and turning machine tool operator,,CZ,,,Czech Republic,,,,,725 944 597
Lubomír Polák,lubomir_polak@mblab.xyz,F*F4228#S20,Ne,Lubomír,Polák,Sound engineering technician,,CZ,,,Czech Republic,,,,,312 080 265
Ladislav Srba,ladislav_srba@mblab.xyz,N*M7953#V61,Ne,Ladislav,Srba,Semiconductor assembler,,CZ,,,Czech Republic,,,,,391 832 741
Vladimír Příhoda,vladimir_prihoda@mblab.xyz,J*V1116#X97,Ne,Vladimír,Příhoda,Cadet,,CZ,,,Czech Republic,,,,,499 538 921
Anna Dvořáková,anna_dvorakova@mblab.xyz,B*D9876#T64,Ne,Anna,Dvořáková,News reporter,,CZ,,,Czech Republic,,,,,605 482 635
Marie Cachová,marie_cachova@mblab.xyz,W*K8683#W48,Ne,Marie,Cachová,HVACR technician,,CZ,,,Czech Republic,,,,,726 823 679
Vlastimil Hrudka,vlastimil_hrudka@mblab.xyz,H*B4685#L38,Ne,Vlastimil,Hrudka,Lead abatement worker,,CZ,,,Czech Republic,,,,,608 000 433
Lucie Ferná,lucie_ferna@mblab.xyz,G*R7739#W16,Ne,Lucie,Ferná,Rodbuster,,CZ,,,Czech Republic,,,,,736 342 521
Hana Hejkalová,hana_hejkalova@mblab.xyz,Y*O3774#X96,Ne,Hana,Hejkalová,Administrator,,CZ,,,Czech Republic,,,,,497 430 238
Jiří Kment,jiri_kment@mblab.xyz,A*E1181#Q90,Ne,Jiří,Kment,Facility manager,,CZ,,,Czech Republic,,,,,607 416 509
Lenka Neumannová,lenka_neumannova@mblab.xyz,F*Z8518#M71,Ne,Lenka,Neumannová,Heat treating equipment setter,,CZ,,,Czech Republic,,,,,514 466 208
Jan Prokop,jan_prokop@mblab.xyz,A*I3446#Z62,Ne,Jan,Prokop,Smoke jumper,,CZ,,,Czech Republic,,,,,608 585 340
Jozef Lukáš,jozef_lukas@mblab.xyz,N*I8711#D32,Ne,Jozef,Lukáš,Actuarie,,CZ,,,Czech Republic,,,,,568 889 953
Marie Slunečková,marie_sluneckova@mblab.xyz,N*G6545#S12,Ne,Marie,Slunečková,Expediting clerk,,CZ,,,Czech Republic,,,,,461 939 795
Antonín Karásek,antonin_karasek@mblab.xyz,N*E6224#I56,Ne,Antonín,Karásek,Surgical technologist,,CZ,,,Czech Republic,,,,,221 473 874
Vojtěch Jakoubek,vojtech_jakoubek@mblab.xyz,F*V4926#M29,Ne,Vojtěch,Jakoubek,Maintenance technician,,CZ,,,Czech Republic,,,,,567 559 961
Milan Langhammer,milan_langhammer@mblab.xyz,N*E5659#Y34,Ne,Milan,Langhammer,Oral surgeon,,CZ,,,Czech Republic,,,,,734 785 732
Vlasta Volfová,vlasta_volfova@mblab.xyz,J*K8727#Y41,Ne,Vlasta,Volfová,Construction engineer,,CZ,,,Czech Republic,,,,,776 239 173
Petr Kovařík,petr_kovarik@mblab.xyz,P*Q8136#Z93,Ne,Petr,Kovařík,Title examiner,,CZ,,,Czech Republic,,,,,326 232 939
Jozef Cindelář,jozef_cindelar@mblab.xyz,A*K3655#F38,Ano,Jozef,Cindelář,Fish trimmer,,CZ,,,Czech Republic,,,,,563 157 954
Dagmar Skrabalová,dagmar_skrabalova@mblab.xyz,M*V4769#N92,Ano,Dagmar,Skrabalová,Loan counselor,,CZ,,,Czech Republic,,,,,318 116 854
Eduard Keprt,eduard_keprt@mblab.xyz,B*O8314#X79,Ano,Eduard,Keprt,Public relations coordinator,,CZ,,,Czech Republic,,,,,725 027 496
Viliam Stříbný,viliam_stribny@mblab.xyz,H*C7652#H69,Ano,Viliam,Stříbný,College faculty,,CZ,,,Czech Republic,,,,,492 544 847
Olena Burdová,olena_burdova@mblab.xyz,N*E2957#P41,Ano,Olena,Burdová,Personal secretary,,CZ,,,Czech Republic,,,,,357 267 343
Marcela Chudá,marcela_chuda@mblab.xyz,G*G2132#L49,Ano,Marcela,Chudá,Stereotyper,,CZ,,,Czech Republic,,,,,374 228 523
Jana Mynaříková,jana_mynarikova@mblab.xyz,G*O5272#E55,Ano,Jana,Mynaříková,Biomedical engineer,,CZ,,,Czech Republic,,,,,734 140 994
Zdeněk Berný,zdenek_berny@mblab.xyz,B*Y3941#X13,Ano,Zdeněk,Berný,Delivery service truck driver,,CZ,,,Czech Republic,,,,,728 015 022
Marta Radová,marta_radova@mblab.xyz,V*V6083#Z10,Ano,Marta,Radová,Groomer,,CZ,,,Czech Republic,,,,,602 310 113
David Vlk,david_vlk@mblab.xyz,A*T4264#S21,Ano,David,Vlk,Executive office administrator,,CZ,,,Czech Republic,,,,,537 570 020
Marie Jánská,marie_janska@mblab.xyz,Y*P1682#N64,Ano,Marie,Jánská,Food processing occupation,,CZ,,,Czech Republic,,,,,778 404 828
Ondřej Januška,ondrej_januska@mblab.xyz,T*R1827#V97,Ano,Ondřej,Januška,Physician assistant,,CZ,,,Czech Republic,,,,,493 156 543
Monika Zouharová,monika_zouharova@mblab.xyz,Z*L4687#V90,Ano,Monika,Zouharová,Office and administrative support worker manager,,CZ,,,Czech Republic,,,,,315 899 215
Roman Pavelka,roman_pavelka@mblab.xyz,F*T8092#U47,Ano,Roman,Pavelka,Placement officer,,CZ,,,Czech Republic,,,,,722 152 424
Petr Martinec,petr_martinec@mblab.xyz,G*K5958#U37,Ano,Petr,Martinec,Tax accountant,,CZ,,,Czech Republic,,,,,728 104 208
František Pavlů,frantisek_pavlu@mblab.xyz,Y*T5231#Q42,Ano,František,Pavlů,Rental clerk,,CZ,,,Czech Republic,,,,,314 802 553
Bohumil Jaroš,bohumil_jaros@mblab.xyz,U*J6879#O56,Ano,Bohumil,Jaroš,Hairdresser,,CZ,,,Czech Republic,,,,,570 252 193
Josef Leskovjan,josef_leskovjan@mblab.xyz,L*B1855#F84,Ano,Josef,Leskovjan,Nuclear power reactor operator,,CZ,,,Czech Republic,,,,,581 222 260
Magdaléna Cermáková,magdalena_cermakova@mblab.xyz,E*H4248#X74,Ano,Magdaléna,Cermáková,Publicity writer,,CZ,,,Czech Republic,,,,,729 462 637
Jan Pecháček,jan_pechacek@mblab.xyz,A*Z1376#C58,Ano,Jan,Pecháček,Range conservationist,,CZ,,,Czech Republic,,,,,605 720 383
Jan Cuba,jan_cuba@mblab.xyz,N*O8622#Z55,Ano,Jan,Cuba,Prepress worker,,CZ,,,Czech Republic,,,,,382 641 384
Josef Kostiha,josef_kostiha@mblab.xyz,M*W1567#J72,Ano,Josef,Kostiha,Quality auditor,,CZ,,,Czech Republic,,,,,738 299 237
Lidmila Urbanová,lidmila_urbanova@mblab.xyz,P*V5313#I27,Ano,Lidmila,Urbanová,Media outreach specialist,,CZ,,,Czech Republic,,,,,604 422 399
Petr ﻿Dvořák,petr_﻿dvorak@mblab.xyz,L*Q1159#K44,Ano,Petr,﻿Dvořák,Human resources manager,,CZ,,,Czech Republic,,,,,551 634 594
Svatopluk Med,svatopluk_med@mblab.xyz,C*D2133#R21,Ano,Svatopluk,Med,Agent-contract clerk,,CZ,,,Czech Republic,,,,,779 741 809
Jiří Křivánek,jiri_krivanek@mblab.xyz,F*T4061#L74,Ano,Jiří,Křivánek,Photographic process worker,,CZ,,,Czech Republic,,,,,315 364 825
Jaroslava Dolejšová,jaroslava_dolejsova@mblab.xyz,L*Q3937#T81,Ano,Jaroslava,Dolejšová,Financial investigator,,CZ,,,Czech Republic,,,,,732 452 857
David Lížala,david_lizala@mblab.xyz,H*W3313#B93,Ano,David,Lížala,Plating and coating machine setter,,CZ,,,Czech Republic,,,,,724 288 724
Alois Horák,alois_horak@mblab.xyz,V*H9850#B98,Ano,Alois,Horák,Sportscaster,,CZ,,,Czech Republic,,,,,546 500 371
Tomáš Lučan,tomas_lucan@mblab.xyz,E*Z6795#M79,Ano,Tomáš,Lučan,Therapeutic recreation specialist,,CZ,,,Czech Republic,,,,,374 106 972
Matěj Koutný,matej_koutny@mblab.xyz,Y*T8527#W20,Ano,Matěj,Koutný,Bulldozer operator,,CZ,,,Czech Republic,,,,,516 412 557
Miluše Hanzlíková,miluse_hanzlikova@mblab.xyz,W*D1715#D31,Ano,Miluše,Hanzlíková,Personal appearance worker,,CZ,,,Czech Republic,,,,,318 340 569
Rudolf ﻿Procházka,rudolf_﻿prochazka@mblab.xyz,G*W1023#K97,Ano,Rudolf,﻿Procházka,Animal care and service worker,,CZ,,,Czech Republic,,,,,779 643 408
Božena Procházková,bozena_prochazkova@mblab.xyz,Y*F3568#N34,Ano,Božena,Procházková,Industrial relations director,,CZ,,,Czech Republic,,,,,317 662 434
Michaela Pačková,michaela_packova@mblab.xyz,Z*G6348#Y51,Ano,Michaela,Pačková,Group exercise instructor,,CZ,,,Czech Republic,,,,,511 930 498
Rudolf Soukup,rudolf_soukup@mblab.xyz,T*R6326#U51,Ano,Rudolf,Soukup,Management information systems director,,CZ,,,Czech Republic,,,,,775 248 520
Michal Schejbal,michal_schejbal@mblab.xyz,U*J1954#Z18,Ano,Michal,Schejbal,Foot specialist,,CZ,,,Czech Republic,,,,,778 892 269
Daniel Gajdoš,daniel_gajdos@mblab.xyz,K*G1460#H24,Ano,Daniel,Gajdoš,Undertaker,,CZ,,,Czech Republic,,,,,549 259 167
Jiří Lustr,jiri_lustr@mblab.xyz,L*Q9439#O88,Ano,Jiří,Lustr,Credit reporter,,CZ,,,Czech Republic,,,,,397 184 044
Lenka Hájková,lenka_hajkova@mblab.xyz,M*L9368#M62,Ano,Lenka,Hájková,CPA,,CZ,,,Czech Republic,,,,,379 614 968
Miroslav Palička,miroslav_palicka@mblab.xyz,Y*Q6432#B69,Ano,Miroslav,Palička,Personnel services specialist,,CZ,,,Czech Republic,,,,,492 259 620
Vlastimil Vavřín,vlastimil_vavrin@mblab.xyz,S*Q7617#G24,Ano,Vlastimil,Vavřín,Conservation scientist,,CZ,,,Czech Republic,,,,,606 348 758
Karel Staněk,karel_stanek@mblab.xyz,B*X6676#W60,Ano,Karel,Staněk,File clerk,,CZ,,,Czech Republic,,,,,722 280 647
Natálie Mutlová,natalie_mutlova@mblab.xyz,K*W3861#H47,Ano,Natálie,Mutlová,Credit clerk,,CZ,,,Czech Republic,,,,,728 115 117
Vasyl Depelák,vasyl_depelak@mblab.xyz,X*Y6930#V23,Ano,Vasyl,Depelák,Systems administrator,,CZ,,,Czech Republic,,,,,601 760 139
Anna Hanáková,anna_hanakova@mblab.xyz,I*T8570#L42,Ano,Anna,Hanáková,Manpower development advisor,,CZ,,,Czech Republic,,,,,722 838 349
Josef Marek,josef_marek@mblab.xyz,V*G9458#H49,Ano,Josef,Marek,Banker investigator,,CZ,,,Czech Republic,,,,,567 175 421
Libuše Skotáková,libuse_skotakova@mblab.xyz,Z*Y6826#U19,Ano,Libuše,Skotáková,Gas appliance repairer,,CZ,,,Czech Republic,,,,,724 605 940
Petr Plášil,petr_plasil@mblab.xyz,U*D7529#X69,Ano,Petr,Plášil,Publicity expert,,CZ,,,Czech Republic,,,,,605 260 715
Radim Doležal,radim_dolezal@mblab.xyz,Y*Z7992#N33,Ano,Radim,Doležal,Footwear and accessory designer,,CZ,,,Czech Republic,,,,,517 050 629
Ludmila Pečková,ludmila_peckova@mblab.xyz,P*Q8145#T24,Ano,Ludmila,Pečková,U.S. marshal,,CZ,,,Czech Republic,,,,,605 246 116
Lidiya Hurtová,lidiya_hurtova@mblab.xyz,T*Y5396#H85,Ano,Lidiya,Hurtová,Abdominal sonographer,,CZ,,,Czech Republic,,,,,391 032 706
Michaela Semrádová,michaela_semradova@mblab.xyz,P*G2263#F81,Ano,Michaela,Semrádová,Recruitment consultant,,CZ,,,Czech Republic,,,,,731 570 100
Zdeněk Kozlík,zdenek_kozlik@mblab.xyz,T*C4349#G99,Ano,Zdeněk,Kozlík,Quality auditor,,CZ,,,Czech Republic,,,,,731 639 723
Richard Dolanský,richard_dolansky@mblab.xyz,B*U4144#T13,Ano,Richard,Dolanský,Gastroenterologist,,CZ,,,Czech Republic,,,,,399 593 955
Lenka Tůmová,lenka_tumova@mblab.xyz,K*Z7376#Y82,Ano,Lenka,Tůmová,Life skill counselor,,CZ,,,Czech Republic,,,,,732 366 849
Jakub Lukeš,jakub_lukes@mblab.xyz,Q*M2174#J28,Ano,Jakub,Lukeš,Staffing consultant,,CZ,,,Czech Republic,,,,,390 551 426
Petr Svoboda,petr_svoboda@mblab.xyz,D*U8510#A33,Ano,Petr,Svoboda,Railroad brake operator,,CZ,,,Czech Republic,,,,,779 611 324
Zdeněk Zajíc,zdenek_zajic@mblab.xyz,S*A5955#X99,Ano,Zdeněk,Zajíc,Surfacing equipment operator,,CZ,,,Czech Republic,,,,,770 192 143
Aleš Adam,ales_adam@mblab.xyz,E*D8067#K40,Ano,Aleš,Adam,Secretarial assistant,,CZ,,,Czech Republic,,,,,564 172 074
Jan Pokorný,jan_pokorny@mblab.xyz,K*R4676#N83,Ano,Jan,Pokorný,Electrical power line installer,,CZ,,,Czech Republic,,,,,510 815 431
Norbert Jílek,norbert_jilek@mblab.xyz,Q*T7131#X67,Ano,Norbert,Jílek,Termite control technician,,CZ,,,Czech Republic,,,,,554 561 626
Dobroslav Muller,dobroslav_muller@mblab.xyz,D*R4123#S44,Ano,Dobroslav,Muller,Web publications designer,,CZ,,,Czech Republic,,,,,538 197 686
Zdeněk Starý,zdenek_stary@mblab.xyz,R*Y5857#N21,Ano,Zdeněk,Starý,Commercial and industrial designer,,CZ,,,Czech Republic,,,,,739 038 934
Tomáš Ternohlávek,tomas_ternohlavek@mblab.xyz,E*Z2187#U46,Ano,Tomáš,Ternohlávek,Facilitator,,CZ,,,Czech Republic,,,,,313 160 783
Kamila Kolářová,kamila_kolarova@mblab.xyz,W*L4190#R71,Ano,Kamila,Kolářová,Environmental chemist,,CZ,,,Czech Republic,,,,,587 431 499
Jindřich Soukup,jindrich_soukup@mblab.xyz,U*O1767#Q87,Ano,Jindřich,Soukup,Air Force,,CZ,,,Czech Republic,,,,,567 516 306
Anna Rothová,anna_rothova@mblab.xyz,C*G1036#S59,Ano,Anna,Rothová,Long-term care facility nurse,,CZ,,,Czech Republic,,,,,606 773 932
Karel Kellner,karel_kellner@mblab.xyz,F*Z3923#K58,Ano,Karel,Kellner,Compensation and benefits technician,,CZ,,,Czech Republic,,,,,389 774 717
Miroslav Bartoš,miroslav_bartos@mblab.xyz,T*M5142#Y98,Ano,Miroslav,Bartoš,"Molding, coremaking, and casting machine tender",,CZ,,,Czech Republic,,,,,726 173 073
Kristýna Janková,kristyna_jankova@mblab.xyz,L*Z5285#Q38,Ano,Kristýna,Janková,Small engine service technician,,CZ,,,Czech Republic,,,,,732 907 604
Zuzana Zelinková,zuzana_zelinkova@mblab.xyz,G*S9523#C62,Ano,Zuzana,Zelinková,Dietetic technician,,CZ,,,Czech Republic,,,,,725 568 892
Petra Bartošová,petra_bartosova@mblab.xyz,A*J9926#K27,Ano,Petra,Bartošová,Fence erector,,CZ,,,Czech Republic,,,,,470 633 414
Jan Blažek,jan_blazek@mblab.xyz,K*O1488#M27,Ano,Jan,Blažek,Psychiatric technician,,CZ,,,Czech Republic,,,,,324 366 811
Ivana Svobodová,ivana_svobodova@mblab.xyz,B*Q5950#O68,Ano,Ivana,Svobodová,Allergist,,CZ,,,Czech Republic,,,,,730 614 035
Tereza Minaříková,tereza_minarikova@mblab.xyz,D*E1028#W74,Ano,Tereza,Minaříková,Conference interpreter,,CZ,,,Czech Republic,,,,,499 446 943
Jaroslav Svoboda,jaroslav_svoboda@mblab.xyz,K*S4724#R11,Ano,Jaroslav,Svoboda,Railroad conductor,,CZ,,,Czech Republic,,,,,727 728 802
Petr Zak,petr_zak@mblab.xyz,C*K5144#N66,Ano,Petr,Zak,Sewer pipe cleaner,,CZ,,,Czech Republic,,,,,728 763 652
Dana Korečková,dana_koreckova@mblab.xyz,G*U8370#Z12,Ano,Dana,Korečková,Tamping equipment operator,,CZ,,,Czech Republic,,,,,380 699 128
Zdeněk Novák,zdenek_novak@mblab.xyz,D*A6793#N59,Ano,Zdeněk,Novák,Cruise ship worker,,CZ,,,Czech Republic,,,,,736 598 073
Nataliya Nomková,nataliya_nomkova@mblab.xyz,V*W1030#C72,Ano,Nataliya,Nomková,Vending machine repairer,,CZ,,,Czech Republic,,,,,462 988 303
Jana Valentová,jana_valentova@mblab.xyz,Y*Q2327#J18,Ano,Jana,Valentová,Streetcar operator,,CZ,,,Czech Republic,,,,,603 832 489
Anna Mazurová,anna_mazurova@mblab.xyz,I*M5239#J84,Ano,Anna,Mazurová,Support staff specialist,,CZ,,,Czech Republic,,,,,775 773 056
Bohuslav Vach,bohuslav_vach@mblab.xyz,X*D6383#J46,Ano,Bohuslav,Vach,Clinical laboratory scientist,,CZ,,,Czech Republic,,,,,325 356 292
Petr Vymazal,petr_vymazal@mblab.xyz,B*W3987#V17,Ano,Petr,Vymazal,Liquid waste treatment plant and system operator,,CZ,,,Czech Republic,,,,,606 290 315
Tereza Blahušová,tereza_blahusova@mblab.xyz,N*E5524#L50,Ano,Tereza,Blahušová,Insurance manager,,CZ,,,Czech Republic,,,,,374 184 931
Zdeněk Dudek,zdenek_dudek@mblab.xyz,X*Z8587#G34,Ano,Zdeněk,Dudek,Broker associate,,CZ,,,Czech Republic,,,,,582 536 131
Lukáš Raus,lukas_raus@mblab.xyz,P*Q2525#U96,Ano,Lukáš,Raus,Forging machine tender,,CZ,,,Czech Republic,,,,,472 377 170
Dobromila Sýkorová,dobromila_sykorova@mblab.xyz,E*R3531#E93,Ano,Dobromila,Sýkorová,Plant manager,,CZ,,,Czech Republic,,,,,735 306 009
Jaroslav Jurka,jaroslav_jurka@mblab.xyz,I*L1496#B54,Ano,Jaroslav,Jurka,Parking lot attendant,,CZ,,,Czech Republic,,,,,354 132 500
Rudolf Navrátil,rudolf_navratil@mblab.xyz,A*G7396#K34,Ano,Rudolf,Navrátil,Office clerk,,CZ,,,Czech Republic,,,,,720 923 345
Jana Schreierová,jana_schreierova@mblab.xyz,W*R4698#W38,Ano,Jana,Schreierová,Food batchmaker,,CZ,,,Czech Republic,,,,,493 113 903
Zdenka Cvubová,zdenka_cvubova@mblab.xyz,Q*D8794#C83,Ano,Zdenka,Cvubová,Mason,,CZ,,,Czech Republic,,,,,315 790 725
Dagmar Böhmová,dagmar_bohmova@mblab.xyz,M*G1144#Q72,Ano,Dagmar,Böhmová,Molder,,CZ,,,Czech Republic,,,,,731 151 025
Marie Tomášková,marie_tomaskova@mblab.xyz,S*C2919#M32,Ano,Marie,Tomášková,Front desk receptionist,,CZ,,,Czech Republic,,,,,732 107 238
Jakub Horký,jakub_horky@mblab.xyz,X*O2658#M24,Ano,Jakub,Horký,Collector,,CZ,,,Czech Republic,,,,,388 151 249
Zdeněk Zajíc,zdenek_zajic@mblab.xyz,I*I2528#V35,Ano,Zdeněk,Zajíc,Railroad brake operator,,CZ,,,Czech Republic,,,,,218 334 703
Zbyněk Novák,zbynek_novak@mblab.xyz,A*Q5896#Y81,Ano,Zbyněk,Novák,Audio and video equipment operator,,CZ,,,Czech Republic,,,,,737 605 442
Zdenek Adamec,zdenek_adamec@mblab.xyz,F*V5435#H91,Ano,Zdenek,Adamec,Paymaster,,CZ,,,Czech Republic,,,,,517 013 455
Gabriela Rehořová,gabriela_rehorova@mblab.xyz,L*Q9975#I71,Ano,Gabriela,Rehořová,Surgical nurse,,CZ,,,Czech Republic,,,,,562 616 612
Maria Janková,maria_jankova@mblab.xyz,Q*F8289#L84,Ano,Maria,Janková,Psychiatric aide,,CZ,,,Czech Republic,,,,,373 793 861
Vladimír Vokoun,vladimir_vokoun@mblab.xyz,D*B7191#Q83,Ano,Vladimír,Vokoun,Pesticide vegetation,,CZ,,,Czech Republic,,,,,486 088 512
Antonín Pokorný,antonin_pokorny@mblab.xyz,X*B8089#D75,Ano,Antonín,Pokorný,Assistant editor,,CZ,,,Czech Republic,,,,,317 902 734
Martin Poruba,martin_poruba@mblab.xyz,I*P1967#U59,Ano,Martin,Poruba,Manpower development specialist,,CZ,,,Czech Republic,,,,,779 662 431
Vladimír Císař,vladimir_cisar@mblab.xyz,K*V9654#Z18,Ano,Vladimír,Císař,Tax assessor,,CZ,,,Czech Republic,,,,,351 990 115
Jindřich Berka,jindrich_berka@mblab.xyz,Y*A6156#W83,Ano,Jindřich,Berka,"Cutting, punching, and press machine tender",,CZ,,,Czech Republic,,,,,321 772 586
Vladimír Vilím,vladimir_vilim@mblab.xyz,O*Z4984#C37,Ano,Vladimír,Vilím,Timekeeper,,CZ,,,Czech Republic,,,,,731 396 955
Petr Kolomazník,petr_kolomaznik@mblab.xyz,T*W6056#D23,Ano,Petr,Kolomazník,Dressmaker,,CZ,,,Czech Republic,,,,,460 238 081
Jaroslava Macková,jaroslava_mackova@mblab.xyz,C*C6217#J25,Ano,Jaroslava,Macková,Real estate appraiser,,CZ,,,Czech Republic,,,,,605 201 772
Zbyněk Kadavý,zbynek_kadavy@mblab.xyz,Q*B4525#Z55,Ano,Zbyněk,Kadavý,LAN administrator,,CZ,,,Czech Republic,,,,,512 819 440
Ivana Samcová,ivana_samcova@mblab.xyz,B*G8035#P41,Ano,Ivana,Samcová,Real estate manager,,CZ,,,Czech Republic,,,,,512 640 102
Soběslav Karlík,sobeslav_karlik@mblab.xyz,O*P9890#P31,Ano,Soběslav,Karlík,Library assistant,,CZ,,,Czech Republic,,,,,314 363 298
Adrian Marek,adrian_marek@mblab.xyz,F*E9413#C32,Ano,Adrian,Marek,Telemarketer,,CZ,,,Czech Republic,,,,,377 207 852
Jaroslav Smola,jaroslav_smola@mblab.xyz,O*C4433#I53,Ano,Jaroslav,Smola,Office aide,,CZ,,,Czech Republic,,,,,565 550 873
Petr Mastný,petr_mastny@mblab.xyz,R*K5769#J66,Ano,Petr,Mastný,Hostler,,CZ,,,Czech Republic,,,,,376 237 531
Karel Křeček,karel_krecek@mblab.xyz,V*U4838#J38,Ano,Karel,Křeček,Environmental hydrologist,,CZ,,,Czech Republic,,,,,318 367 050
Ivo Jemlička,ivo_jemlicka@mblab.xyz,J*G1427#Z68,Ano,Ivo,Jemlička,Support specialist,,CZ,,,Czech Republic,,,,,736 042 402
Oto Vitásek,oto_vitasek@mblab.xyz,R*O2878#Z50,Ano,Oto,Vitásek,Baggage porter,,CZ,,,Czech Republic,,,,,727 596 639
Kristýna Chovancová,kristyna_chovancova@mblab.xyz,E*A1992#Q79,Ano,Kristýna,Chovancová,Transportation attendant,,CZ,,,Czech Republic,,,,,727 609 707
Jakub Trojan,jakub_trojan@mblab.xyz,J*T7232#Q52,Ano,Jakub,Trojan,Carpet installer,,CZ,,,Czech Republic,,,,,602 554 215
Radek Sláma,radek_slama@mblab.xyz,Q*U2682#T43,Ano,Radek,Sláma,Child welfare social worker,,CZ,,,Czech Republic,,,,,607 694 312
Miloš Pondělíček,milos_pondelicek@mblab.xyz,Z*H4881#F93,Ano,Miloš,Pondělíček,Weaving machine operator,,CZ,,,Czech Republic,,,,,491 601 249
Michal Svoboda,michal_svoboda@mblab.xyz,S*F8785#V90,Ano,Michal,Svoboda,LAN manager,,CZ,,,Czech Republic,,,,,513 005 929
Růžena Kotlárová,ruzena_kotlarova@mblab.xyz,B*Z4984#G20,Ano,Růžena,Kotlárová,Human resources manager,,CZ,,,Czech Republic,,,,,722 214 159
Oldřich ﻿Němec,oldrich_﻿nemec@mblab.xyz,R*N2946#G68,Ano,Oldřich,﻿Němec,Laborer,,CZ,,,Czech Republic,,,,,562 192 345
Jaroslav Schejbal,jaroslav_schejbal@mblab.xyz,I*O9332#Q53,Ano,Jaroslav,Schejbal,Computer database administrator,,CZ,,,Czech Republic,,,,,327 290 424
Lukáš Smékal,lukas_smekal@mblab.xyz,P*I4782#K61,Ano,Lukáš,Smékal,Employee benefits specialist,,CZ,,,Czech Republic,,,,,601 217 434
František JiruČka,frantisek_jiručka@mblab.xyz,O*F3217#V41,Ano,František,JiruČka,Oral surgeon,,CZ,,,Czech Republic,,,,,497 912 460
Miloslav Marák,miloslav_marak@mblab.xyz,P*K3919#J29,Ano,Miloslav,Marák,Fence erector,,CZ,,,Czech Republic,,,,,580 382 926
Ondřej Dvarc,ondrej_dvarc@mblab.xyz,G*N1347#K31,Ano,Ondřej,Dvarc,Real estate broker,,CZ,,,Czech Republic,,,,,737 522 220
Jiří ﻿Svoboda,jiri_﻿svoboda@mblab.xyz,B*V3957#W26,Ano,Jiří,﻿Svoboda,Cost consultant,,CZ,,,Czech Republic,,,,,573 590 887
Kristýna Táborská,kristyna_taborska@mblab.xyz,E*L6761#O37,Ano,Kristýna,Táborská,Pump operator,,CZ,,,Czech Republic,,,,,726 104 645
Martin Starý,martin_stary@mblab.xyz,A*K1720#Q50,Ano,Martin,Starý,Brokerage clerk,,CZ,,,Czech Republic,,,,,770 929 065
Rudolf Doležal,rudolf_dolezal@mblab.xyz,V*E7992#V12,Ano,Rudolf,Doležal,Head hunter,,CZ,,,Czech Republic,,,,,497 413 671
Ladislav Pilát,ladislav_pilat@mblab.xyz,T*W5543#L88,Ano,Ladislav,Pilát,Fire fighter,,CZ,,,Czech Republic,,,,,721 677 658
Daniela Bartoňová,daniela_bartonova@mblab.xyz,I*J4352#O81,Ano,Daniela,Bartoňová,Administrative services director,,CZ,,,Czech Republic,,,,,495 968 919
Libuše Hrušková,libuse_hruskova@mblab.xyz,Y*D3941#I15,Ano,Libuše,Hrušková,Geographer,,CZ,,,Czech Republic,,,,,604 971 685
František Sedláček,frantisek_sedlacek@mblab.xyz,K*M5994#X34,Ano,František,Sedláček,Sewer,,CZ,,,Czech Republic,,,,,732 885 154
Jakub Blahuta,jakub_blahuta@mblab.xyz,E*N4641#Q41,Ano,Jakub,Blahuta,Surveying technician,,CZ,,,Czech Republic,,,,,722 091 662
Tomáš Melichar,tomas_melichar@mblab.xyz,X*W4812#C89,Ano,Tomáš,Melichar,Lobby attendant,,CZ,,,Czech Republic,,,,,771 691 361
Jana Fisherová,jana_fisherova@mblab.xyz,K*W6176#O36,Ano,Jana,Fisherová,Physical oceanographer,,CZ,,,Czech Republic,,,,,393 175 150
Mojmír Drapák,mojmir_drapak@mblab.xyz,A*E1811#B63,Ano,Mojmír,Drapák,Boilermaker,,CZ,,,Czech Republic,,,,,773 533 729
Robert Kocek,robert_kocek@mblab.xyz,E*M9840#E94,Ano,Robert,Kocek,Real estate manager,,CZ,,,Czech Republic,,,,,729 392 591
Miloslav Pravda,miloslav_pravda@mblab.xyz,J*D6353#D25,Ano,Miloslav,Pravda,Electronic data processor,,CZ,,,Czech Republic,,,,,606 203 270
Karel Novák,karel_novak@mblab.xyz,V*E2222#G27,Ano,Karel,Novák,Chef,,CZ,,,Czech Republic,,,,,773 124 351
Ester Slavíková,ester_slavikova@mblab.xyz,M*H1330#T79,Ano,Ester,Slavíková,Textile knitting and weaving machine operator,,CZ,,,Czech Republic,,,,,394 228 407
František Kašák,frantisek_kasak@mblab.xyz,S*M3876#P19,Ano,František,Kašák,Recruiting manager,,CZ,,,Czech Republic,,,,,496 742 629
Tereza Suchá,tereza_sucha@mblab.xyz,R*I1128#T33,Ano,Tereza,Suchá,Tamping equipment operator,,CZ,,,Czech Republic,,,,,491 105 502
Eva Slezáková,eva_slezakova@mblab.xyz,C*J1717#D25,Ano,Eva,Slezáková,Operational meteorologist,,CZ,,,Czech Republic,,,,,776 070 884
Daniel Homolka,daniel_homolka@mblab.xyz,W*Z3432#I83,Ano,Daniel,Homolka,Prosthodontist,,CZ,,,Czech Republic,,,,,390 150 246
František Kouba,frantisek_kouba@mblab.xyz,I*R5271#Q65,Ano,František,Kouba,Closed captioner,,CZ,,,Czech Republic,,,,,601 102 778
Alena Vlčková,alena_vlckova@mblab.xyz,G*J2966#U64,Ano,Alena,Vlčková,LAN administrator,,CZ,,,Czech Republic,,,,,720 948 784
Hana Rozehnalová,hana_rozehnalova@mblab.xyz,O*O9120#X34,Ano,Hana,Rozehnalová,Graduate teaching assistant,,CZ,,,Czech Republic,,,,,725 621 381
Romana Konvičná,romana_konvicna@mblab.xyz,K*G3088#O13,Ano,Romana,Konvičná,Cable line installer,,CZ,,,Czech Republic,,,,,585 564 008
Petr Herný,petr_herny@mblab.xyz,F*Q3385#F24,Ano,Petr,Herný,Pulmonary function technologist,,CZ,,,Czech Republic,,,,,382 354 879
Jan Zahrádka,jan_zahradka@mblab.xyz,Q*T3646#A63,Ano,Jan,Zahrádka,Legal nurse consultant,,CZ,,,Czech Republic,,,,,378 434 612
David Herný,david_herny@mblab.xyz,W*Q4963#K99,Ano,David,Herný,Maintenance and repair worker,,CZ,,,Czech Republic,,,,,735 839 857
Aleš Vítovec,ales_vitovec@mblab.xyz,M*H6479#Z83,Ano,Aleš,Vítovec,Dishwasher,,CZ,,,Czech Republic,,,,,535 815 081
Jozef Albrecht,jozef_albrecht@mblab.xyz,Z*Y6614#K79,Ano,Jozef,Albrecht,Cardiographer,,CZ,,,Czech Republic,,,,,319 577 987
Roman Ježek,roman_jezek@mblab.xyz,M*R1721#K25,Ano,Roman,Ježek,Industrial relations manager,,CZ,,,Czech Republic,,,,,601 823 437
Marcela Příhodová,marcela_prihodova@mblab.xyz,H*N4522#E71,Ano,Marcela,Příhodová,Purchasing manager,,CZ,,,Czech Republic,,,,,779 252 779
Helena Lichnovská,helena_lichnovska@mblab.xyz,P*S2381#E58,Ano,Helena,Lichnovská,Industrial-organizational psychologist,,CZ,,,Czech Republic,,,,,738 355 809
Eva Cervená,eva_cervena@mblab.xyz,R*Z1752#H45,Ano,Eva,Cervená,Two-stroke engine mechanic,,CZ,,,Czech Republic,,,,,720 477 748
Jan Balvín,jan_balvin@mblab.xyz,R*T7765#W82,Ano,Jan,Balvín,Army,,CZ,,,Czech Republic,,,,,608 158 953
Elena Tápová,elena_tapova@mblab.xyz,W*K5826#Z43,Ano,Elena,Tápová,Drywall installer,,CZ,,,Czech Republic,,,,,608 078 173
Miroslav Chládek,miroslav_chladek@mblab.xyz,Y*Q7358#J40,Ano,Miroslav,Chládek,Sales engineer,,CZ,,,Czech Republic,,,,,738 071 300
Alena Moravcová,alena_moravcova@mblab.xyz,D*S4213#O48,Ano,Alena,Moravcová,Crane and tower operator,,CZ,,,Czech Republic,,,,,460 336 462
Nela Berková,nela_berkova@mblab.xyz,G*X5722#U51,Ano,Nela,Berková,Customs inspector,,CZ,,,Czech Republic,,,,,373 409 994
Jan Cerný,jan_cerny@mblab.xyz,G*R6666#N86,Ano,Jan,Cerný,Medical transcriptionist,,CZ,,,Czech Republic,,,,,575 853 248
Lukáš Račák,lukas_racak@mblab.xyz,Z*H8047#Q92,Ano,Lukáš,Račák,Recruiter,,CZ,,,Czech Republic,,,,,385 168 192
Radek Herzig,radek_herzig@mblab.xyz,G*Y8676#F48,Ano,Radek,Herzig,Geophysicist,,CZ,,,Czech Republic,,,,,734 572 568
Miroslav Míka,miroslav_mika@mblab.xyz,X*F5481#Q76,Ano,Miroslav,Míka,Building cleaning worker,,CZ,,,Czech Republic,,,,,580 922 658
Vladimír Pergl,vladimir_pergl@mblab.xyz,H*I1877#O76,Ano,Vladimír,Pergl,Certified nursing assistant,,CZ,,,Czech Republic,,,,,735 306 426
Sára Kalendová,sara_kalendova@mblab.xyz,L*S6937#M27,Ano,Sára,Kalendová,Child protective services social worker,,CZ,,,Czech Republic,,,,,725 941 227
Milan Doležal,milan_dolezal@mblab.xyz,U*H2041#M45,Ano,Milan,Doležal,Hydrographic surveyor,,CZ,,,Czech Republic,,,,,581 061 915
Vojtěch Hradil,vojtech_hradil@mblab.xyz,O*F3383#T18,Ano,Vojtěch,Hradil,Adjuster,,CZ,,,Czech Republic,,,,,327 225 583
Miloslava Znamenáčková,miloslava_znamenackova@mblab.xyz,M*H8056#C97,Ano,Miloslava,Znamenáčková,Banquet manager,,CZ,,,Czech Republic,,,,,480 372 715
Milan Novák,milan_novak@mblab.xyz,H*C4682#C79,Ano,Milan,Novák,Fish and game warden,,CZ,,,Czech Republic,,,,,772 183 495
Hana Svobodová,hana_svobodova@mblab.xyz,O*A3092#W91,Ano,Hana,Svobodová,Hand compositor,,CZ,,,Czech Republic,,,,,723 062 337
Alexandra Cicková,alexandra_cickova@mblab.xyz,E*K3859#G50,Ano,Alexandra,Cicková,Snowmobile mechanic,,CZ,,,Czech Republic,,,,,352 038 281
